name,email,phone,score,attendance,passed,dropped_reason
Arthur Edwards,arthuredwards@gmail.com,+4420 7496 0318,100,97,True,
Lisa Cartwright,lisacartwright@gmail.com,+44113 496 0734,80,87,True,
Jordan Parkin,jordanparkin@hotmail.com,+44(0)131 4960849,81,83,True,
Thomas Green,thomasgreen@gmail.com,+44191 496 0396,50,97,False,Low score
Lynda Watson,lyndawatson@yahoo.com,(029)2018136,80,65,False,Low attendance
Richard French,richardfrench@hotmail.com,+44(0)1632 960998,96,77,True,
Andrew Smith,andrewsmith@hotmail.com,0306 9990051,91,70,True,
Mitchell Hall,mitchellhall@yahoo.com,+44113 496 0903,60,95,True,
Katie Fisher,katiefisher@hotmail.com,+44(0)141 4960436,77,69,False,Low attendance
Robert Wright,robertwright@yahoo.com,(01632)960329,60,66,False,Low attendance
Dale Byrne,dalebyrne@hotmail.com,(0117) 4960825,67,97,True,
Owen Smith,owensmith@gmail.com,(0141)4960591,68,66,False,Low attendance
Melanie Williams,melaniewilliams@gmail.com,+44121 4960712,61,91,True,
Edward Carroll,edwardcarroll@gmail.com,+441614960424,96,76,True,
Rebecca Knight,rebeccaknight@yahoo.com,(0306)9990173,97,71,True,
Alexandra Bond,alexandrabondz@hotmail.com,+44(0)117 496 0540,98,92,True,
Wayne Harrison,wayneharrison@gmail.com,+44(0)28 9018298,64,75,True,
Mohammad Lewis,mohammadlewis@yahoo.com,+44118 4960759,59,84,False,Low score
Roger Lane,rogerlane@yahoo.com,02074960696,73,77,True,
Jonathan Bray,jonathanbray@hotmail.com,01632 960 992,54,92,False,Low score
Louis Watson,louiswatson@hotmail.com,+44808 1570111,95,74,True,
Marilyn Hewitt,marilynhewitt@gmail.com,(0141) 4960958,87,97,True,
Ian Martin,ianmartin@hotmail.com,(0115) 496 0658,100,94,True,
Yvonne Newton,yvonnenewton@hotmail.com,+441144960353,80,87,True,
Sheila Hicks,sheilahicks@hotmail.com,(0118) 4960842,89,74,True,
Clare Patel,clarepatel@gmail.com,+441632 960943,68,69,False,Low attendance
Kyle Pugh,kylepugh@gmail.com,0141 4960977,98,91,True,
Aimee Goodwin,aimeegoodwin@yahoo.com,0131 496 0776,66,83,True,
Joe Smith,joesmith@gmail.com,(0113) 4960818,69,86,True,
Lisa Vaughan,lisavaughan@gmail.com,+44121 496 0268,63,80,True,
Sophie Griffiths,sophiegriffiths@yahoo.com,01614960970,57,83,False,Low score
Lynn Owen,lynnowen@hotmail.com,01154960516,94,73,True,
Nigel Stevenson,nigelstevenson@hotmail.com,+44(0)808 1570855,92,79,True,
Mark Hammond,markhammond@yahoo.com,(0116) 496 0692,74,94,True,
Elliot Jordan,elliotjordan@gmail.com,(0114) 496 0723,77,90,True,
Mary Summers,marysummers@yahoo.com,01632 960 471,99,86,True,
Eric Clayton,ericclayton@yahoo.com,(0151) 4960238,84,86,True,
Shaun Edwards,shaunedwards@hotmail.com,01174960093,70,99,True,
Ashleigh Taylor,ashleightaylor@hotmail.com,+44151 4960009,70,93,True,
Kyle Hill,kylehill@hotmail.com,+44292018387,72,83,True,
Tina Butler,tinabutler@yahoo.com,(0116) 496 0532,60,73,True,
Kevin Mahmood,kevinmahmood@yahoo.com,+443069990763,88,87,True,
Aaron Bradshaw,aaronbradshaw@hotmail.com,+44121 4960305,83,97,True,
Martin Hart,martinhart@yahoo.com,+44(0)114 4960479,76,89,True,
Christine Jones,christinejones@hotmail.com,+441614960377,63,95,True,
David Lane,davidlane@yahoo.com,(0191)4960938,88,65,False,Low attendance
Sandra May,sandramay@gmail.com,+44(0)121 496 0900,55,70,False,Low score
Kathryn Davison,kathryndavison@yahoo.com,+44(0)1314960949,66,88,True,
Kerry Houghton,kerryhoughton@gmail.com,+44(0)8081570565,57,98,False,Low score
Bryan Harrison,bryanharrison@hotmail.com,+44(0)114 4960287,69,89,True,
Rebecca O'Brien,rebeccao'brien@yahoo.com,+44(0)28 9018031,56,66,False,Low score and Low attendance
Ryan Jones,ryanjones@hotmail.com,+441632 960 819,85,72,True,
Robert Lawrence,robertlawrence@yahoo.com,+44292018547,67,96,True,
Cheryl Ward,cherylward@yahoo.com,0191 4960514,62,80,True,
Stephen Ward,stephenward@gmail.com,+44161 496 0805,92,65,False,Low attendance
Ashleigh Begum,ashleighbegum@gmail.com,+44306 999 0527,78,67,False,Low attendance
Harry Morgan,harrymorgan@gmail.com,+44(0)113 4960281,74,86,True,
Eileen Ross,eileenross@gmail.com,0191 498 0386,66,76,True,
Luke Young,lukeyoung@yahoo.com,(029) 2018 0732,98,91,True,
Linda Stokes,lindastokes@hotmail.com,+441632960836,68,83,True,
Frederick Vaughan,frederickvaughan@yahoo.com,+44306 9990151,84,78,True,
Lawrence Smith,lawrencesmith@hotmail.com,(0113) 496 0491,63,97,True,
Samantha Wilson,samanthawilson@yahoo.com,+441174960122,69,86,True,
Edward Fletcher,edwardfletcher@hotmail.com,+44306 9990098,83,90,True,
Naomi Richards,naomirichards@yahoo.com,+441414960437,97,98,True,
Matthew Lucas,matthewlucas@yahoo.com,+44113 496 0499,65,68,False,Low attendance
Dylan Davies,dylandavies@hotmail.com,+441414960965,100,88,True,
Joshua Bartlett,joshuabartlett@gmail.com,+44(0)1214960152,63,83,True,
Louis Anderson,louisanderson@yahoo.com,(0141)4960473,70,97,True,
Denis Cross,deniscross@hotmail.com,(0161) 496 0700,68,94,True,
Sian Wall,sianwall@gmail.com,+44(0)1632 960463,74,67,False,Low attendance
Debra Evans,debraevans@gmail.com,+44(0)1164960297,60,75,True,
Callum O'Connor,callumo'connor@hotmail.com,01632 960432,85,93,True,
Caroline Carter,carolinecarter@hotmail.com,01164960332,79,97,True,
Lydia Rhodes,lydiarhodes@hotmail.com,+44141 4960755,54,83,False,Low score
Georgia Nelson,georgianelson@yahoo.com,+44113 4960138,65,73,True,
Sharon Nixon,sharonnixon@gmail.com,01514960952,59,97,False,Low score
Maria Stone,mariastone@gmail.com,+44(0)8081570566,82,93,True,
Victoria Murray,victoriamurray@gmail.com,020 74960605,84,78,True,
Sheila Foster,sheilafoster@hotmail.com,01632 960429,65,68,False,Low attendance
Bernard Shaw,bernardshaw@hotmail.com,+44(0)1614960258,96,98,True,
Trevor O'Neill,trevoro'neill@yahoo.com,+44121 4960542,100,96,True,
Bruce Ingram,bruceingram@hotmail.com,+441514960447,88,75,True,
Anna Greenwood,annagreenwood@gmail.com,+44(0)28 9018 0409,61,68,False,Low attendance
Jonathan Carr,jonathancarr@gmail.com,0141 496 0318,81,71,True,
Brett Hutchinson,bretthutchinson@gmail.com,0114 4960282,88,92,True,
Tina Wright,tinawright@gmail.com,(0113)4960126,80,97,True,
Charlotte Stokes,charlottestokes@yahoo.com,(0191) 496 0703,84,97,True,
Dominic Brooks,dominicbrooks@gmail.com,(029) 2018 0531,80,79,True,
Christian Smith,christiansmith@hotmail.com,+441914960738,52,98,False,Low score
Elliott Mills,elliottmills@yahoo.com,0117 496 0594,75,99,True,
Cameron Bradley,cameronbradley@yahoo.com,+44(0)1414960612,99,74,True,
Lawrence Potts,lawrencepotts@yahoo.com,028 9018667,55,81,False,Low score
Victoria Hudson,victoriahudson@yahoo.com,+44(0)191 496 0978,98,96,True,
Abdul Smith,abdulsmith@gmail.com,0121 4960641,61,99,True,
Gerard Wilson,gerardwilson@hotmail.com,+44909 8790753,63,95,True,
John Watts,johnwatts@yahoo.com,+44116 4960252,83,77,True,
Kieran Heath,kieranheath@hotmail.com,+44292018738,75,84,True,
Angela Watson,angelawatson@hotmail.com,(0113)4960542,63,92,True,
Louise Davis,louisedavis@yahoo.com,020 74960294,73,80,True,
Rosemary Harris,rosemaryharris@yahoo.com,+44(0)28 9018 0952,97,84,True,
Anthony Smith,anthonysmith@hotmail.com,+44(0)191 496 0167,74,79,True,
Leigh Jenkins,leighjenkins@gmail.com,+44(0)151 496 0088,71,68,False,Low attendance
Marion Adams,marionadams@gmail.com,+44(0)1632 960815,53,85,False,Low score
Nigel Jones,nigeljones@gmail.com,+44116 4960948,56,70,False,Low score
Shirley Williams,shirleywilliams@gmail.com,(0141) 4960812,81,69,False,Low attendance
Sarah Walsh,sarahwalsh@gmail.com,+44(0)1154960292,58,95,False,Low score
Ross Dean,rossdean@yahoo.com,+44(0)1314960809,55,94,False,Low score
Harriet Herbert,harrietherbert@hotmail.com,01214960475,71,89,True,
Catherine Middleton,catherinemiddleton@gmail.com,+44115 496 0029,57,78,False,Low score
Jane Graham,janegraham@yahoo.com,(0116) 4960375,52,65,False,Low score and Low attendance
Gerald Bevan,geraldbevan@gmail.com,(0117)4960555,64,98,True,
Michelle Gibson,michellegibson@hotmail.com,0808 157 0994,56,100,False,Low score
Raymond Miller,raymondmiller@yahoo.com,(0306)9990352,80,72,True,
Gerald Lee,geraldlee@hotmail.com,0909 8790280,97,80,True,
Martin Preston,martinpreston@yahoo.com,01314960782,53,82,False,Low score
June Johnson,junejohnson@gmail.com,+44(0)3069990076,56,82,False,Low score
Raymond Adams,raymondadams@hotmail.com,+44114 4960454,90,89,True,
Carole Smith,carolesmith@gmail.com,01632960530,80,96,True,
Sara Elliott,saraelliott@yahoo.com,+44(0)121 496 0174,68,83,True,
Albert Archer,albertarcher@gmail.com,(029) 2018207,71,92,True,
Elliott Hayes,elliotthayes@gmail.com,01134960135,61,93,True,
William Hawkins,williamhawkins@yahoo.com,+4429 2018 0558,65,85,True,
William Duffy,williamduffy@gmail.com,+44(0)289018752,100,97,True,
Dylan Kelly,dylankelly@yahoo.com,0118 496 0701,92,66,False,Low attendance
Antony Hale,antonyhale@gmail.com,+44(0)131 4960208,77,69,False,Low attendance
Georgia Harrison,georgiaharrison@gmail.com,+44121 496 0851,99,92,True,
Lawrence Robertson,lawrencerobertson@gmail.com,+44(0)161 4960042,84,94,True,
Jodie Holmes,jodieholmes@gmail.com,+44(0)191 496 0501,89,70,True,
Lynn Jackson,lynnjackson@hotmail.com,+44909 879 0430,57,67,False,Low score and Low attendance
Gareth Roberts,garethrobertsM@yahoo.com,+441184960718,60,78,True,
Anna French,annafrench@gmail.com,0151 496 0733,89,99,True,
Teresa Boyle,teresaboyle@hotmail.com,+44(0)1164960033,93,92,True,
Francis Clarke,francisclarkei@gmail.com,+44(0)1154960472,94,74,True,
Justin James,justinjames@gmail.com,+442074960171,64,80,True,
Iain Barnett,iainbarnett@yahoo.com,+44(0)117 4960571,80,88,True,
Pamela Lawrence,pamelalawrence@gmail.com,(0115) 4960829,99,85,True,
Dennis Scott,dennisscott@yahoo.com,(0115) 4960812,71,98,True,
Kevin Little,kevinlittle@hotmail.com,(020) 74960913,65,85,True,
Jordan Murphy,jordanmurphy@yahoo.com,+44808 1570136,62,85,True,
Rachael Poole,rachaelpoole@hotmail.com,+44808 157 0921,54,78,False,Low score
Beth Richards,bethrichards@gmail.com,(028)9018570,71,84,True,
Justin Winter,justinwinter@gmail.com,+44121 496 0246,69,90,True,
Leanne Baker,leannebaker@gmail.com,+441134960236,87,85,True,
Sean Russell,seanrussell@yahoo.com,(0161) 496 0592,84,89,True,
Jake Blake,jakeblake@yahoo.com,+441164960888,67,81,True,
Barbara Murphy,barbaramurphy@yahoo.com,+44113 496 0236,86,76,True,
Dennis Barker,dennisbarker@yahoo.com,+441314960491,62,88,True,
Gerald Bartlett,geraldbartlett@hotmail.com,02074960651,61,84,True,
Henry Stevens,henrystevens@hotmail.com,0121 4960902,66,72,True,
Zoe Reeves,zoereeves@hotmail.com,0141 496 0989,67,92,True,
Phillip Edwards,phillipedwards@hotmail.com,+441174960283,94,83,True,
Zoe Smith,zoesmith@yahoo.com,(01632) 960 966,89,66,False,Low attendance
Tracey Collins,traceycollins@gmail.com,0191 498 0211,99,92,True,
Kathleen Bradley,kathleenbradley@hotmail.com,(0121) 4960440,96,96,True,
Lynne Johnston,lynnejohnston@yahoo.com,+44(0)191 496 0414,93,71,True,
Amelia Townsend,ameliatownsend@hotmail.com,+441164960808,70,85,True,
Leah Griffiths,leahgriffiths@hotmail.com,020 7946 0596,52,97,False,Low score
Danielle McKenzie,daniellemckenzie@gmail.com,+44(0)117 496 0961,91,94,True,
Shaun Brown,shaunbrown@gmail.com,(0151) 496 0814,73,98,True,
Robert Smith,robertsmith@hotmail.com,+44113 496 0096,87,65,False,Low attendance
Brenda Schofield,brendaschofield@yahoo.com,+44(0)161 496 0285,68,90,True,
Diane Barton,dianebarton@gmail.com,+44(0)1614960069,53,73,False,Low score
Declan Watson,declanwatson@gmail.com,+44(0)1154960383,63,89,True,
Nigel Smith,nigelsmith@hotmail.com,+4429 2018210,70,66,False,Low attendance
Lee Parker,leeparker@hotmail.com,(0151) 4960191,74,71,True,
Bryan Arnold,bryanarnold@yahoo.com,+441414960680,61,79,True,
Lynn Yates,lynnyates@yahoo.com,(0115) 496 0464,91,77,True,
Cheryl Dixon,cheryldixon@gmail.com,(029) 2018635,91,86,True,
Sally Hopkins,sallyhopkins@hotmail.com,+44(0)8081570636,60,67,False,Low attendance
Amanda Wilson,amandawilson@gmail.com,(0141) 496 0350,61,70,True,
Rachel Roberts,rachelroberts@yahoo.com,+4428 9018179,68,86,True,
Terence Webb,terencewebb@hotmail.com,(020) 7496 0944,73,82,True,
Gordon Holmes,gordonholmes@yahoo.com,01144960974,65,86,True,
Shane Field,shanefield@hotmail.com,(0909) 8790466,85,100,True,
Jonathan James,jonathanjames@yahoo.com,(0151) 4960545,69,67,False,Low attendance
Olivia Wright,oliviawright@yahoo.com,01134960986,56,84,False,Low score
Donna Williams,donnawilliams@gmail.com,+44808 1570890,87,73,True,
Natalie Carr,nataliecarr@gmail.com,01614960203,88,80,True,
Abbie Walsh,abbiewalsh@yahoo.com,(0131) 496 0061,55,80,False,Low score
Liam Dyer,liamdyer@hotmail.com,+44909 879 0259,82,85,True,
Leanne Knight,leanneknight@hotmail.com,+441314960065,81,99,True,
Hazel Poole,hazelpoole@hotmail.com,+44(0)118 496 0143,59,95,False,Low score
Julian Weston,julianweston@yahoo.com,0113 4960707,55,75,False,Low score
Laura Harris,lauraharris@hotmail.com,0113 496 0964,62,80,True,
Lynn Walker,lynnwalker@yahoo.com,+4429 2018424,70,74,True,
Stephen Brown,stephenbrown@yahoo.com,(0909) 879 0092,90,80,True,
Timothy Williams,timothywilliams@yahoo.com,+44118 496 0454,61,85,True,
Kieran Quinn,kieranquinn@yahoo.com,028 9018605,98,81,True,
Carolyn Clarke,carolynclarke@hotmail.com,+44113 4960661,74,71,True,
Arthur Howe,arthurhowe@yahoo.com,01164960041,85,80,True,
Ryan Quinn,ryanquinn@gmail.com,+441632 960 351,89,80,True,
Kenneth Jones,kennethjones@gmail.com,0161 4960166,56,76,False,Low score
Graeme O'Connor,graemeo'connor@gmail.com,0141 496 0010,100,68,False,Low attendance
Paul Armstrong,paularmstrong@hotmail.com,+443069990064,74,74,True,
Ryan Cook,ryancook@yahoo.com,(0114) 4960838,73,86,True,
Jennifer Sharp,jennifersharp@hotmail.com,+44(0)141 496 0625,76,85,True,
Leah Higgins,leahhiggins@gmail.com,(0808) 1570084,91,91,True,
Lauren Sharp,laurensharp@gmail.com,(0121) 4960858,51,90,False,Low score
Hollie Rose,hollierose@hotmail.com,(0161) 496 0442,76,83,True,
Hugh Roberts,hughroberts@hotmail.com,+44(0)28 9018476,85,76,True,
Martin Flynn,martinflynn@gmail.com,+44(0)306 9990942,77,68,False,Low attendance
Alex Webster,alexwebster@hotmail.com,+44114 496 0884,89,75,True,
Kirsty Smith,kirstysmith@hotmail.com,01134960752,88,71,True,
Elliott Miller,elliottmiller@gmail.com,(028) 9018 0783,52,81,False,Low score
Jake Thompson,jakethompson@hotmail.com,+44(0)117 496 0835,62,69,False,Low attendance
Scott Simpson,scottsimpson@gmail.com,09098790143,78,71,True,
Duncan Roberts,duncanroberts@gmail.com,0306 999 0999,59,79,False,Low score
Mandy Morris,mandymorris@yahoo.com,(01632)960988,89,73,True,
Bryan Quinn,bryanquinn@yahoo.com,0289018360,92,88,True,
Pamela Dunn,pameladunn@hotmail.com,+44(0)808 1570038,69,65,False,Low attendance
Pauline Carter,paulinecarter@gmail.com,+44(0)121 496 0425,61,77,True,
Jacob Black,jacobblack@gmail.com,+44(0)20 74960701,87,76,True,
Jason Ford,jasonford@gmail.com,08081570892,74,78,True,
Alexandra Bond,alexandrabond@gmail.com,0808 1570125,69,72,True,
Mohammed Parker,mohammedparker@gmail.com,+44(0)1914960836,98,71,True,
Kathleen Sanders,kathleensanders@hotmail.com,+44(0)151 4960490,82,100,True,
Amy Kelly,amykelly@gmail.com,+44(0)1174960672,52,65,False,Low score and Low attendance
Andrea Dobson,andreadobson@gmail.com,+44(0)151 4960280,85,86,True,
Jacob Stevens,jacobstevens@hotmail.com,+448081570150,91,85,True,
Georgina Newman,georginanewman@hotmail.com,+44(0)292018135,58,71,False,Low score
Gemma Butler,gemmabutler@yahoo.com,(0151) 496 0171,77,65,False,Low attendance
Eileen Franklin,eileenfranklin@hotmail.com,(020) 7496 0792,66,67,False,Low attendance
Ross Martin,rossmartin@gmail.com,(0114)4960290,59,99,False,Low score
Alex Moss,alexmoss@yahoo.com,+44(0)2074960578,82,97,True,
Hollie Read,hollieread@hotmail.com,0115 4960911,69,79,True,
Michael Bartlett,michaelbartlett@gmail.com,+44(0)116 496 0452,75,87,True,
Wayne Watts,waynewatts@hotmail.com,0118 496 0647,57,87,False,Low score
Glen Robertson,glenrobertson@yahoo.com,+441632 960 580,61,95,True,
Richard Harris,richardharris@hotmail.com,(028)9018183,96,100,True,
Sheila Ward,sheilaward@gmail.com,0131 496 0496,72,71,True,
Kirsty Duncan,kirstyduncan@yahoo.com,(0151) 496 0380,99,90,True,
Anne Boyle,anneboyle@yahoo.com,+44131 496 0149,81,72,True,
Kirsty Ward,kirstyward@hotmail.com,0151 4960381,69,95,True,
Mark Gregory,markgregory@yahoo.com,+441154960327,98,98,True,
Mary May,marymay@hotmail.com,02074960089,61,91,True,
Paul Wilkinson,paulwilkinson@hotmail.com,+441632 960998,88,81,True,
Julian Morris,julianmorris@hotmail.com,+44808 157 0977,63,84,True,
Abbie Harrison,abbieharrison@gmail.com,0121 4960793,94,92,True,
Beverley Bowen,beverleybowen@hotmail.com,+441632 960894,71,79,True,
Howard Jones,howardjones@gmail.com,(0113)4960722,79,71,True,
Natalie Owen,natalieowen@yahoo.com,(0191) 4960781,66,89,True,
Charles Hilton,charleshilton@hotmail.com,09098790180,80,70,True,
Derek Thompson,derekthompson@gmail.com,0808 1570109,96,76,True,
Katy Clark,katyclark@yahoo.com,+44(0)191 4960523,82,98,True,
Bethan Clark,bethanclark@yahoo.com,+44(0)115 496 0613,75,92,True,
Elaine Smith,elainesmith@hotmail.com,(0113) 4960231,80,98,True,
Duncan Brown,duncanbrown@gmail.com,(0161) 496 0268,67,78,True,
Rachel Jackson,racheljackson@hotmail.com,(0116) 4960682,52,90,False,Low score
Matthew Elliott,matthewelliott@hotmail.com,+44141 4960980,84,82,True,
Eileen Hill,eileenhill@hotmail.com,0118 496 0474,88,76,True,
Christopher Booth,christopherbooth@yahoo.com,+44191 496 0420,83,92,True,
Zoe Hope,zoehope@gmail.com,(0118) 496 0269,99,87,True,
Lynn Stanley,lynnstanley@hotmail.com,(0117) 496 0422,72,82,True,
Joan Kelly,joankelly@yahoo.com,(029)2018048,59,92,False,Low score
Eric Elliott,ericelliott@hotmail.com,+44115 4960907,82,96,True,
Kimberley Owen,kimberleyowen@yahoo.com,01614960294,93,85,True,
Lindsey Jackson,lindseyjackson@hotmail.com,(0118) 4960679,52,88,False,Low score
Phillip Dawson,phillipdawson@yahoo.com,+441174960303,98,86,True,
Carly Morgan,carlymorgan@gmail.com,0118 496 0684,50,85,False,Low score
Graham Begum,grahambegum@hotmail.com,+44306 9990052,83,84,True,
Joe Watson,joewatson@yahoo.com,+441414960729,63,98,True,
Ronald Brooks,ronaldbrooks@yahoo.com,+44131 4960046,55,88,False,Low score
Marc Hill,marchill@yahoo.com,+443069990674,100,100,True,
Terence Scott,terencescott@yahoo.com,+44141 4960942,82,100,True,
Victor Evans,victorevans@yahoo.com,+44(0)121 4960464,71,92,True,
Toby Robinson,tobyrobinson@gmail.com,(0116) 496 0600,97,66,False,Low attendance
Adrian Wilson,adrianwilson@hotmail.com,(0113) 496 0929,52,74,False,Low score
Ann Mahmood,annmahmood@hotmail.com,+44(0)1164960556,82,89,True,
Jacob Marshall,jacobmarshall@hotmail.com,+44(0)808 1570817,85,96,True,
Kirsty White,kirstywhite@hotmail.com,(0131) 496 0825,75,92,True,
Bradley Nolan,bradleynolan@hotmail.com,(0114)4960311,82,89,True,
Marie Thomas,mariethomas@yahoo.com,+44(0)115 4960154,60,90,True,
Diane Patterson,dianepatterson@yahoo.com,0113 496 0595,71,80,True,
Yvonne O'Brien,yvonneo'brien@hotmail.com,+44191 4960092,76,70,True,
Robin Roberts,robinroberts@hotmail.com,+4428 9018 0341,68,83,True,
Christine O'Brien,christineo'brien@yahoo.com,0117 4960492,62,93,True,
Lesley Ahmed,lesleyahmed@gmail.com,(0113)4960097,74,72,True,
Katie Frost,katiefrost@gmail.com,+44(0)191 4960831,56,90,False,Low score
